start	end	tok	normtok	lemma	pos	rfpos	coreference	dependency	parentID	NER	sentstart	senID	stwr	frame	speaker	intexpr	note
0	0	»	&quot;	&quot;	$(	N.Reg.Nom.Sg.Masc	-	root	0	-	yes	0	direct.speech.1	-	-	-	-
2	4	Nun	Nun	nun	ADV	ADV	-	root	1	-	no	0	direct.speech.1	-	-	-	-
6	6	,	,	--	$,	SYM.Pun.Comma	-	root	2	-	no	0	direct.speech.1	-	-	-	-
8	10	ich	ich	ich	PPER	PRO.Pers.Subst.1.Nom.Sg.*	61|66|88|106|108|136	subj	4	-	no	0	direct.speech.1	frame.2	speaker.2	-	-
12	18	wünsche	wünsche	wunsch	VVFIN	VFIN.Full.1.Sg.Pres.Ind	-	root	4	-	no	0	direct.speech.1	frame.2	-	intexpr.2	-
20	20	,	,	--	$,	SYM.Pun.Comma	-	root	5	-	no	0	direct.speech.1	frame.2	-	-	-
22	24	daß	daß	daß	KOUS	CONJ.SubFin.-	-	konj	15	-	no	0	direct.speech.1|indirect.thought.2	-	-	-	-
26	28	Sie	Sie	sie	PPER	PRO.Pers.Subst.3.Nom.Sg.Fem	-	subj	15	-	no	0	direct.speech.1|indirect.thought.2	-	-	-	-
30	33	Ihre	Ihre	ihr	PPOSAT	PRO.Poss.Attr.-.Acc.Pl.Masc	19|46|47|53|57|72|75	det	9	-	no	0	direct.speech.1|indirect.thought.2	-	-	-	-
35	40	Zwecke	Zwecke	Zweck	NN	N.Reg.Acc.Pl.Masc	19|46|47|53|57|72|75	obja	15	-	no	0	direct.speech.1|indirect.thought.2	-	-	-	-
42	44	auf	auf	auf	APPR	APPR.Auf	-	pp	15	-	no	0	direct.speech.1|indirect.thought.2	-	-	-	-
46	48	das	das	der	ART	ART.Def.Acc.Sg.Neut	-	det	12	-	no	0	direct.speech.1|indirect.thought.2	-	-	-	-
50	54	beste	beste	gut	ADJA	ADJA.Sup.Acc.Sg.Neut	-	pn	10	-	no	0	direct.speech.1|indirect.thought.2	-	-	-	-
56	58	und	und	und	KON	CONJ.Coord.-	-	kon	12	-	no	0	direct.speech.1|indirect.thought.2	-	-	-	-
60	73	vollständigste	vollständigste	vollständig	ADJA	ADJA.Sup.Acc.Sg.Neut	-	cj	13	-	no	0	direct.speech.1|indirect.thought.2	-	-	-	-
75	83	erreichen	erreichen	erreichen	VVINF	VINF.Full.-	-	objc	4	-	no	0	direct.speech.1|indirect.thought.2	-	-	-	-
85	85	,	,	--	$,	SYM.Pun.Comma	-	root	16	-	no	0	direct.speech.1	-	-	-	-
87	87	«	&quot;	&quot;	$(	CARD	-	root	17	-	no	0	direct.speech.1	-	-	-	-
89	98	antwortete	antwortete	antworten	VVFIN	VFIN.Full.3.Sg.Past.Ind	-	root	18	-	no	0	-	frame.1	-	intexpr.1	-
100	101	er	er	er	PPER	PRO.Pers.Subst.3.Nom.Sg.Masc	8|9|46|47|53|57|72|75	subj	18	-	no	0	-	frame.1	speaker.1	-	-
103	103	,	,	--	$,	SYM.Pun.Comma	-	root	20	-	no	0	-	frame.1	-	-	-
105	105	»	&quot;	&quot;	$(	CARD	-	root	21	-	no	0	direct.speech.1	-	-	-	-
107	109	man	man	man	PIS	PRO.Indef.Subst.-.Nom.Sg.*	-	subj	23	-	no	0	direct.speech.1	-	-	-	-
111	115	kommt	kommt	kommen	VVFIN	VFIN.Full.3.Sg.Pres.Ind	-	root	23	-	no	0	direct.speech.1	-	-	-	-
117	121	durch	durch	durch	APPR	APPR.Acc	-	pp	23	-	no	0	direct.speech.1	-	-	-	-
123	136	Beharrlichkeit	Beharrlichkeit	Beharrlichkeit	NN	N.Reg.Acc.Sg.Fem	-	pn	24	-	no	0	direct.speech.1	-	-	-	-
138	145	meistens	meistens	meistens	ADV	ADV	-	adv	23	-	no	0	direct.speech.1	-	-	-	-
147	149	zum	zum	zu	APPRART	APPRART.Dat.Sg.Neut	-	objp	23	-	no	0	direct.speech.1	-	-	-	-
151	155	Ziele	Ziele	Ziel	NN	N.Reg.Dat.Sg.Neut	-	pn	27	-	no	0	direct.speech.1	-	-	-	-
157	157	;	;	--	$.	SYM.Pun.Sent	-	root	29	-	no	0	direct.speech.1	-	-	-	-
159	162	aber	aber	aber	ADV	CONJ.Coord.Aber	-	root	30	-	no	0	direct.speech.1	-	-	-	-
164	166	die	die	der	ART	ART.Def.Acc.Pl.Neut	-	det	32	-	no	0	direct.speech.1	-	-	-	-
168	172	Ziele	Ziele	Ziel	NN	N.Reg.Acc.Pl.Neut	-	obja	33	-	no	0	direct.speech.1	-	-	-	-
174	181	wechselt	wechselt	wechseln	VVFIN	VFIN.Full.3.Sg.Pres.Ind	-	cj	30	-	no	0	direct.speech.1	-	-	-	-
183	185	man	man	man	PIS	PRO.Indef.Subst.-.Nom.Sg.*	-	subj	33	-	no	0	direct.speech.1	-	-	-	-
187	192	öfters	öfters	öfter	ADV	ADV	-	adv	33	-	no	0	direct.speech.1	-	-	-	-
194	194	.	.	--	$.	SYM.Pun.Sent	-	root	36	-	no	0	direct.speech.1	-	-	-	-
196	196	«	&quot;	&quot;	$(	N.Reg.Acc.Sg.Neut	-	root	37	-	no	0	direct.speech.1	-	-	-	-
198	200	Und	Und	und	KON	CONJ.Coord.-	-	root	38	-	yes	1	reported.speech.3	-	-	-	-
202	203	so	so	so	ADV	ADV	-	adv	40	-	no	1	reported.speech.3	-	-	-	-
205	211	redeten	redeten	reden	VVFIN	VFIN.Full.1.Pl.Past.Ind	-	cj	38	-	no	1	reported.speech.3	-	-	intexpr.3	-
213	215	wir	wir	wir	PPER	PRO.Pers.Subst.1.Nom.Pl.*	-	subj	40	-	no	1	reported.speech.3	-	speaker.3	-	-
217	220	noch	noch	noch	ADV	ADV	-	adv	40	-	no	1	reported.speech.3	-	-	-	-
222	229	mehreres	mehreres	mehr	PIS	PRO.Indef.Subst.-.Acc.Sg.Neut	-	obja	40	-	no	1	reported.speech.3	-	-	-	-
231	231	,	,	--	$,	SYM.Pun.Comma	-	root	44	-	no	1	-	-	-	-	-
233	235	bis	bis	bis	KOUS	CONJ.SubFin.-	-	konj	50	-	no	1	-	-	-	-	-
237	238	er	er	er	PPER	PRO.Pers.Subst.3.Nom.Sg.Masc	8|9|19|53|57|72|75	subj	50	-	no	1	-	-	-	-	-
240	243	sein	sein	sein	PPOSAT	PRO.Poss.Attr.-.Acc.Sg.Neut	8|9|19|53|57|72|75	det	48	-	no	1	-	-	-	-	-
245	248	Bier	Bier	Bier	NN	N.Reg.Acc.Sg.Neut	-	obja	49	-	no	1	-	-	-	-	-
250	261	ausgetrunken	ausgetrunken	austrinken	VVPP	VPP.Full.Psp	-	aux	50	-	no	1	-	-	-	-	-
263	267	hatte	hatte	haben	VAFIN	VFIN.Haben.3.Sg.Past.Ind	-	neb	40	-	no	1	-	-	-	-	-
269	269	,	,	--	$,	SYM.Pun.Comma	-	root	51	-	no	1	-	-	-	-	-
271	273	bis	bis	bis	KOUS	CONJ.SubFin.-	-	konj	55	-	no	1	-	-	-	-	-
275	276	er	er	er	PPER	PRO.Pers.Subst.3.Nom.Sg.Masc	8|9|19|46|47|57|72|75	subj	55	-	no	1	-	-	speaker.4	-	-
278	289	aufgestanden	aufgestanden	aufstehen	VVPP	VPP.Full.Psp	-	aux	55	-	no	1	-	-	-	-	-
291	293	war	war	sein	VAFIN	VFIN.Sein.3.Sg.Past.Ind	-	neb	50	-	no	1	-	-	-	-	-
295	295	,	,	--	$,	SYM.Pun.Comma	-	root	56	-	no	1	-	-	-	-	-
297	300	sein	sein	sein	PPOSAT	PRO.Poss.Attr.-.Acc.Sg.Neut	8|9|19|46|47|53|72|75	det	58	-	no	1	-	-	-	-	-
302	309	Häubchen	Häubchen	Häubchen	NN	N.Reg.Acc.Sg.Neut	-	subj	59	-	no	1	-	-	-	-	-
311	317	lüftete	lüftete	lüften	VVFIN	VFIN.Full.3.Sg.Past.Ind	-	kon	55	-	no	1	-	-	-	-	-
319	321	und	und	und	KON	CONJ.Coord.-	-	kon	59	-	no	1	-	-	-	-	-
323	325	mir	mir	sich	PPER	PRO.Pers.Subst.1.Dat.Sg.*	3|66|88|106|108|136	objd	64	-	no	1	reported.speech.4	-	-	-	-
327	330	gute	gute	gut	ADJA	ADJA.Pos.Acc.Sg.Fem	-	attr	63	-	no	1	reported.speech.4	-	-	-	-
332	336	Nacht	Nacht	Nacht	NN	N.Reg.Acc.Sg.Fem	-	subj	64	-	no	1	reported.speech.4	-	-	-	-
338	342	sagte	sagte	sagen	VVFIN	VFIN.Full.3.Sg.Past.Ind	-	cj	60	-	no	1	reported.speech.4	-	-	intexpr.4	-
344	344	.	.	--	$.	SYM.Pun.Sent	-	root	65	-	no	1	reported.speech.4	-	-	-	-
346	348	Ich	Ich	ich	PPER	PRO.Pers.Subst.1.Nom.Sg.*	3|61|88|106|108|136	subj	67	-	yes	2	-	-	-	-	-
350	354	hörte	hörte	hören	VVFIN	VFIN.Full.1.Sg.Past.Ind	-	root	67	-	no	2	-	-	-	-	-
356	359	dann	dann	dann	ADV	ADV	-	adv	67	-	no	2	-	-	-	-	-
361	361	,	,	--	$,	SYM.Pun.Comma	-	root	69	-	no	2	-	-	-	-	-
363	365	wie	wie	wie	PWAV	PROADV.Inter	-	adv	77	-	no	2	-	-	-	-	-
367	371	unten	unten	unten	ADV	ADV	-	adv	77	-	no	2	-	-	-	-	-
373	376	sein	sein	sein	PPOSAT	PRO.Poss.Attr.-.Nom.Sg.Masc	8|9|19|46|47|53|57|75	det	73	-	no	2	-	-	-	-	-
378	382	Wagen	Wagen	Wagen	NN	N.Reg.Nom.Sg.Masc	-	subj	77	-	no	2	-	-	-	-	-
384	386	mit	mit	mit	APPR	APPR.Dat	-	pp	77	-	no	2	-	-	-	-	-
388	390	ihm	ihm	ihm	PPER	PRO.Pers.Subst.3.Dat.Sg.Masc	8|9|19|46|47|53|57|72	pn	74	-	no	2	-	-	-	-	-
392	395	fort	fort	fort	PTKVZ	PART.Verb	-	avz	77	-	no	2	-	-	-	-	-
397	402	rollte	rollte	fortrollen	VVFIN	VFIN.Full.3.Sg.Past.Ind	-	objc	67	-	no	2	-	-	-	-	-
404	404	.	.	--	$.	SYM.Pun.Sent	-	root	78	-	no	2	-	-	-	-	-
406	407	Am	Am	an	APPRART	APPRART.Dat.Sg.Masc	-	pp	82	-	yes	3	-	-	-	-	-
409	416	nächsten	nächsten	nächster	ADJA	ADJA.Sup.Dat.Sg.Masc	93|94|185|186|187|191	attr	81	-	no	3	-	-	-	-	-
418	421	Tage	Tage	Tag	NN	N.Reg.Dat.Sg.Masc	93|94|185|186|187|191	pn	79	-	no	3	-	-	-	-	-
423	425	war	war	sein	VAFIN	VFIN.Sein.3.Sg.Past.Ind	-	root	82	-	no	3	-	-	-	-	-
427	428	es	es	es	PPER	PRO.Pers.Subst.3.Nom.Sg.Neut	-	subj	82	-	no	3	-	-	-	-	-
430	435	wieder	wieder	wieder	ADV	ADV	-	adv	82	-	no	3	-	-	-	-	-
437	440	ganz	ganz	ganz	ADV	ADV	-	adv	86	-	no	3	-	-	-	-	-
442	447	heiter	heiter	heiter	ADJD	ADJD.Pos	-	pred	82	-	no	3	-	-	-	-	-
449	449	.	.	--	$.	SYM.Pun.Sent	-	root	87	-	no	3	-	-	-	-	-
451	453	Ich	Ich	ich	PPER	PRO.Pers.Subst.1.Nom.Sg.*	3|61|66|106|108|136	subj	89	-	yes	4	-	-	-	-	-
455	458	ging	ging	gehen	VVFIN	VFIN.Full.1.Sg.Past.Ind	-	root	89	-	no	4	-	-	-	-	-
460	462	mit	mit	mit	APPR	APPR.Dat	-	pp	89	-	no	4	-	-	-	-	-
464	466	dem	dem	der	ART	ART.Def.Dat.Sg.Neut	-	det	92	-	no	4	-	-	-	-	-
468	475	Anbruche	Anbruche	Anbruche	NN	N.Reg.Dat.Sg.Neut	-	pn	90	-	no	4	-	-	-	-	-
477	479	des	des	der	ART	ART.Def.Gen.Sg.Masc	80|81|185|186|187|191	det	94	-	no	4	-	-	-	-	-
481	485	Tages	Tages	Tag	NN	N.Reg.Gen.Sg.Masc	80|81|185|186|187|191	gmod	92	-	no	4	-	-	-	-	-
487	488	in	in	in	APPR	APPR.In	-	objp	89	-	no	4	-	-	-	-	-
490	492	das	das	der	ART	ART.Def.Acc.Sg.Neut	162|163|267|268	det	97	-	no	4	-	-	-	-	-
494	497	Moor	Moor	Moor	NN	N.Reg.Acc.Sg.Neut	162|163|267|268	pn	95	-	no	4	-	-	-	-	-
499	501	und	und	und	KON	CONJ.Coord.-	-	kon	89	-	no	4	-	-	-	-	-
503	507	blieb	blieb	bleiben	VVFIN	VFIN.Full.3.Sg.Past.Ind	-	cj	98	-	no	4	-	-	-	-	-
509	511	den	den	der	ART	ART.Def.Acc.Sg.Masc	-	det	102	-	no	4	-	-	-	-	-
513	518	ganzen	ganzen	ganz	ADJA	ADJA.Pos.Acc.Sg.Masc	-	attr	102	-	no	4	-	-	-	-	-
520	522	Tag	Tag	Tag	NN	N.Reg.Acc.Sg.Masc	-	obja	99	-	no	4	-	-	-	-	-
524	525	in	in	in	APPR	APPR.In	-	pp	99	-	no	4	-	-	-	-	-
527	535	demselben	demselben	derselbe	PDAT	ADJA.Pos.Dat.Sg.Masc	-	pn	103	-	no	4	-	-	-	-	-
537	537	.	.	--	$.	SYM.Pun.Sent	-	root	105	-	no	4	-	-	-	-	-
539	541	Ich	Ich	ich	PPER	PRO.Pers.Subst.1.Nom.Sg.*	3|61|66|88|108|136	subj	107	-	yes	5	-	-	speaker.15	-	-
543	547	hatte	hatte	haben	VAFIN	VFIN.Haben.1.Sg.Past.Ind	-	root	107	-	no	5	-	-	-	-	-
549	551	mir	mir	sich	PPER	PRO.Refl.Subst.1.Dat.Sg.*	3|61|66|88|106|136	objd	123	-	no	5	-	-	-	-	-
553	555	zur	zur	zu	APPRART	APPRART.Dat.Sg.Fem	-	pp	123	-	no	5	-	-	-	-	-
557	564	Löschung	Löschung	Löschung	NN	N.Reg.Dat.Sg.Fem	-	pn	109	-	no	5	-	-	-	-	-
566	568	des	des	der	ART	ART.Def.Gen.Sg.Masc	-	det	112	-	no	5	-	-	-	-	-
570	576	Durstes	Durstes	Durst	NN	N.Reg.Gen.Sg.Masc	-	gmod	110	-	no	5	-	-	-	-	-
578	580	nun	nun	nun	ADV	ADV	-	adv	109	-	no	5	-	-	-	-	-
582	587	selbst	selbst	selbst	ADV	ADV	-	adv	109	-	no	5	-	-	-	-	-
589	592	eine	eine	ein	ART	ART.Indef.Acc.Sg.Fem	-	det	120	-	no	5	-	-	-	-	-
594	597	sehr	sehr	sehr	ADV	ADV	-	adv	117	-	no	5	-	-	-	-	-
599	603	große	große	groß	ADJA	ADJA.Pos.Acc.Sg.Fem	-	attr	120	-	no	5	-	-	-	-	-
605	605	,	,	--	$,	SYM.Pun.Comma	-	root	118	-	no	5	-	-	-	-	-
607	619	überflochtene	überflochtene	überflochten	ADJA	ADJA.Pos.Acc.Sg.Fem	-	kon	117	-	no	5	-	-	-	-	-
621	627	Flasche	Flasche	Flasche	NN	N.Reg.Acc.Sg.Fem	-	obja	123	-	no	5	-	-	-	-	-
629	632	voll	voll	voll	ADJD	APPR.Dat	-	pp	120	-	no	5	-	-	-	-	-
634	639	Wasser	Wasser	Wasser	NN	N.Reg.Dat.Sg.Neut	-	pn	121	-	no	5	-	-	-	-	-
641	651	mitgenommen	mitgenommen	mitnehmen	VVPP	VPP.Full.Psp	-	aux	107	-	no	5	-	-	-	-	-
653	653	.	.	--	$.	SYM.Pun.Sent	-	root	124	-	no	5	-	-	-	-	-
655	657	Das	Das	der	ART	ART.Def.Nom.Sg.Neut	-	det	126	-	yes	6	freeIndirect.thought.15	-	-	-	-
659	664	Wasser	Wasser	Wasser	NN	N.Reg.Nom.Sg.Neut	-	subj	127	-	no	6	freeIndirect.thought.15	-	-	-	-
666	670	wurde	wurde	werden	VAFIN	VFIN.Aux.3.Sg.Past.Ind	-	root	127	-	no	6	freeIndirect.thought.15	-	-	-	-
672	675	wohl	wohl	wohl	ADV	ADV	-	adv	127	-	no	6	freeIndirect.thought.15	-	-	-	-
677	680	warm	warm	warm	ADJD	ADJD.Pos	-	pred	127	-	no	6	freeIndirect.thought.15	-	-	-	-
682	682	,	,	--	$,	SYM.Pun.Comma	-	root	130	-	no	6	freeIndirect.thought.15	-	-	-	-
684	687	aber	aber	aber	KON	CONJ.Coord.Aber	-	kon	127	-	no	6	freeIndirect.thought.15	-	-	-	-
689	690	es	es	es	PPER	PRO.Pers.Subst.3.Nom.Sg.Neut	-	subj	133	-	no	6	freeIndirect.thought.15	-	-	-	-
692	696	mußte	mußte	müssen	VMFIN	VFIN.Mod.3.Sg.Past.Ind	-	cj	131	-	no	6	freeIndirect.thought.15	-	-	-	-
698	703	helfen	helfen	helfen	VVINF	VINF.Full.-	-	aux	133	-	no	6	freeIndirect.thought.15	-	-	-	-
705	705	.	.	--	$.	SYM.Pun.Sent	-	root	135	-	no	6	freeIndirect.thought.15	-	-	-	-
707	709	Ich	Ich	ich	PPER	PRO.Pers.Subst.1.Nom.Sg.*	3|61|66|88|106|108	subj	137	-	yes	7	-	-	-	-	-
711	719	arbeitete	arbeitete	weiterarbeiten	VVFIN	VFIN.Full.1.Sg.Past.Subj	-	root	137	-	no	7	-	-	-	-	-
721	723	auf	auf	auf	APPR	APPR.Auf	-	pp	137	-	no	7	-	-	-	-	-
725	729	allen	allen	aller	PIAT	PRO.Indef.Attr.-.Dat.Pl.Fem	-	det	140	-	no	7	-	-	-	-	-
731	737	Stellen	Stellen	Stelle	NN	N.Reg.Dat.Pl.Fem	-	pn	138	-	no	7	-	-	-	-	-
739	740	an	an	an	APPR	APPR.An	-	pp	137	-	no	7	-	-	-	-	-
742	744	den	den	der	ART	ART.Def.Dat.Pl.Masc	-	det	147	-	no	7	-	-	-	-	-
746	748	für	für	für	APPR	APPR.Acc	-	pp	146	-	no	7	-	-	-	-	-
750	754	diese	diese	dieser	PDAT	PRO.Dem.Attr.-.Acc.Pl.Fem	-	det	145	-	no	7	-	-	-	-	-
756	762	Stellen	Stellen	Stelle	NN	N.Reg.Acc.Pl.Fem	-	pn	143	-	no	7	-	-	-	-	-
764	773	begonnenen	begonnenen	begonnen	ADJA	ADJA.Pos.Dat.Pl.Masc	-	attr	147	-	no	7	-	-	-	-	-
775	783	Entwürfen	Entwürfen	Entwurf	NN	N.Reg.Dat.Pl.Masc	-	pn	141	-	no	7	-	-	-	-	-
785	790	weiter	weiter	weiter	PTKVZ	PART.Verb	-	adv	137	-	no	7	-	-	-	-	-
792	792	,	,	--	$,	SYM.Pun.Comma	-	root	149	-	no	7	-	-	-	-	-
794	796	bis	bis	bis	KOUS	CONJ.SubFin.-	-	konj	154	-	no	7	-	-	-	-	-
798	799	es	es	es	PPER	PRO.Pers.Subst.3.Nom.Sg.Neut	-	subj	154	-	no	7	-	-	-	-	-
801	805	gegen	gegen	gegen	APPR	APPR.Acc	-	objp	154	-	no	7	-	-	-	-	-
807	811	Abend	Abend	Abend	NN	N.Reg.Acc.Sg.Masc	-	pn	152	-	no	7	-	-	-	-	-
813	816	ging	ging	gehen	VVFIN	VFIN.Full.3.Sg.Past.Ind	-	neb	137	-	no	7	-	-	-	-	-
818	818	.	.	--	$.	SYM.Pun.Sent	-	root	155	-	no	7	-	-	-	-	-
820	822	Die	Die	der	ART	ART.Def.Nom.Pl.*	159|174|181	det	157	-	yes	8	-	-	-	-	-
824	828	Leute	Leute	Leute	NN	N.Reg.Nom.Pl.*	159|174|181	root	157	-	no	8	-	-	-	-	-
830	830	,	,	--	$,	SYM.Pun.Comma	-	root	158	-	no	8	-	-	-	-	-
832	837	welche	welche	welcher	PRELS	PRO.Rel.Subst.-.Nom.Pl.Fem	156|157|174|181	subj	165	-	no	8	-	-	-	-	-
839	841	mit	mit	mit	APPR	APPR.Dat	-	pp	164	-	no	8	-	-	-	-	-
843	854	Austrocknung	Austrocknung	Austrocknung	NN	N.Reg.Dat.Sg.Fem	-	pn	160	-	no	8	-	-	-	-	-
856	858	des	des	der	ART	ART.Def.Gen.Sg.Neut	96|97|267|268	det	163	-	no	8	-	-	-	-	-
860	865	Moores	Moores	Moore	NN	N.Reg.Gen.Sg.Neut	96|97|267|268	gmod	161	-	no	8	-	-	-	-	-
867	877	beschäftigt	beschäftigt	beschäftigen	VVPP	VPP.Full.Psp	-	aux	165	-	no	8	-	-	-	-	-
879	883	waren	waren	sein	VAFIN	VFIN.Sein.3.Pl.Past.Ind	-	rel	157	-	no	8	-	-	-	-	-
885	885	,	,	--	$,	SYM.Pun.Comma	-	root	166	-	no	8	-	-	-	-	-
887	894	brachten	brachten	bringen	VVFIN	VFIN.Full.3.Pl.Past.Ind	-	kon	165	-	no	8	-	-	-	-	-
896	901	Ladung	Ladung	Ladung	NN	N.Reg.Acc.Sg.Fem	-	obja	167	-	no	8	-	-	-	-	-
903	906	nach	nach	nach	APPR	APPR.Dat	-	pp	167	-	no	8	-	-	-	-	-
908	913	Ladung	Ladung	Ladung	NN	N.Reg.Dat.Sg.Fem	-	pn	169	-	no	8	-	-	-	-	-
915	915	,	,	--	$,	SYM.Pun.Comma	-	root	171	-	no	8	-	-	-	-	-
917	919	und	und	und	KON	CONJ.Coord.-	-	kon	167	-	no	8	-	-	-	-	-
921	926	warfen	warfen	werfen	VVFIN	VFIN.Full.3.Pl.Past.Ind	-	cj	172	-	no	8	-	-	-	-	-
928	930	sie	sie	sie	PPER	PRO.Pers.Subst.3.Acc.Pl.*	156|157|159|181	subj	173	-	no	8	-	-	-	-	-
932	933	in	in	in	APPR	APPR.In	-	objp	173	-	no	8	-	-	-	-	-
935	937	den	den	der	ART	ART.Def.Acc.Sg.Masc	180	det	178	-	no	8	-	-	-	-	-
939	945	weichen	weichen	weich	ADJA	ADJA.Pos.Acc.Sg.Masc	180	attr	178	-	no	8	-	-	-	-	-
947	951	Grund	Grund	Grund	NN	N.Reg.Acc.Sg.Masc	180	pn	175	-	no	8	-	-	-	-	-
953	953	,	,	--	$,	SYM.Pun.Comma	-	root	179	-	no	8	-	-	-	-	-
955	957	der	der	der	PRELS	PRO.Rel.Subst.-.Nom.Sg.Masc	176|177|178	subj	182	-	no	8	-	-	-	-	-
959	961	sie	sie	sie	PPER	PRO.Pers.Subst.3.Acc.Pl.*	156|157|159|174	obja	182	-	no	8	-	-	-	-	-
963	969	schlang	schlang	schlang	VVFIN	VFIN.Full.3.Sg.Past.Ind	-	rel	178	-	no	8	-	-	-	-	-
971	971	,	,	--	$,	SYM.Pun.Comma	-	root	183	-	no	8	-	-	-	-	-
973	975	bis	bis	bis	KOUS	CONJ.SubFin.-	-	konj	189	-	no	8	-	-	-	-	-
977	979	der	der	der	ART	ART.Def.Nom.Sg.Masc	80|81|93|94|191	det	186	-	no	8	-	-	-	-	-
981	983	Tag	Tag	Tag	NN	N.Reg.Nom.Sg.Masc	80|81|93|94|191	subj	189	-	no	8	-	-	-	-	-
985	990	seinem	seinem	sein	PPOSAT	PRO.Poss.Attr.-.Dat.Sg.Neut	80|81|93|94|191	det	188	-	no	8	-	-	-	-	-
992	995	Ende	Ende	Ende	NN	N.Reg.Dat.Sg.Neut	-	objd	189	-	no	8	-	-	-	-	-
997	1010	entgegenrückte	entgegenrückte	entgegenrücken	VVFIN	VFIN.Full.3.Sg.Past.Ind	-	neb	182	-	no	8	-	-	-	-	-
1012	1012	.	.	--	$.	SYM.Pun.Sent	-	root	190	-	no	8	-	-	-	-	-
1014	1015	Er	Er	er	PPER	PRO.Pers.Subst.3.Nom.Sg.Masc	80|81|93|94|185|186|187	subj	192	-	yes	9	-	-	-	-	-
1017	1019	war	war	sein	VAFIN	VFIN.Sein.3.Sg.Past.Ind	-	root	192	-	no	9	-	-	-	-	-
1021	1024	noch	noch	noch	ADV	ADV	-	adv	196	-	no	9	-	-	-	-	-
1026	1029	viel	viel	viel	PIAT	ADV	-	adv	195	-	no	9	-	-	-	-	-
1031	1036	heißer	heißer	heiß	ADJA	ADJD.Comp	-	pred	196	-	no	9	-	-	-	-	-
1038	1044	gewesen	gewesen	sein	VAPP	VPP.Sein.Psp	-	aux	192	-	no	9	-	-	-	-	-
1046	1048	als	als	als	KOKOM	CONJ.Comp.-	-	kom	196	-	no	9	-	-	-	-	-
1050	1052	der	der	der	ART	ART.Def.Nom.Sg.Masc	-	det	199	-	no	9	-	-	-	-	-
1054	1061	gestrige	gestrige	gestrig	ADJA	ADJA.Pos.Nom.Sg.Masc	-	cj	197	-	no	9	-	-	-	-	-
1063	1063	.	.	--	$.	SYM.Pun.Sent	-	root	200	-	no	9	-	-	-	-	-
1065	1070	Abends	Abends	Abends	ADV	N.Reg.Gen.Sg.Masc	-	adv	202	-	yes	10	-	-	-	-	-
1072	1074	kam	kam	kommen	VVFIN	VFIN.Full.3.Sg.Past.Ind	-	root	202	-	no	10	-	-	-	-	-
1076	1078	der	der	der	ART	ART.Def.Nom.Sg.Masc	-	det	205	-	no	10	-	-	-	-	-
1080	1083	alte	alte	alt	ADJA	ADJA.Pos.Nom.Sg.Masc	-	attr	205	-	no	10	-	-	-	-	-
1085	1088	Mann	Mann	Mann	NN	N.Reg.Nom.Sg.Masc	-	subj	202	-	no	10	-	-	-	-	-
1090	1091	zu	zu	zu	APPR	APPR.Dat	-	objp	202	-	no	10	-	-	-	-	-
1093	1095	dem	dem	der	ART	ART.Def.Dat.Sg.Neut	-	det	208	-	no	10	-	-	-	-	-
1097	1106	Apfelbaume	Apfelbaume	Apfelbaume	NN	N.Reg.Dat.Sg.Neut	-	pn	206	-	no	10	-	-	-	-	-
1108	1108	,	,	--	$,	SYM.Pun.Comma	-	root	209	-	no	10	-	-	-	-	-
1110	1112	und	und	und	KON	CONJ.Coord.-	-	kon	202	-	no	10	reported.speech.6	-	-	-	-
1114	1116	wir	wir	wir	PPER	PRO.Pers.Subst.1.Nom.Pl.*	-	subj	212	-	no	10	reported.speech.6	-	speaker.6	-	-
1118	1124	redeten	redeten	reden	VVFIN	VFIN.Full.1.Pl.Past.Ind	-	cj	210	-	no	10	reported.speech.6	-	-	intexpr.6	-
1126	1128	mit	mit	mit	APPR	APPR.Dat	-	pp	212	-	no	10	reported.speech.6	-	-	-	-
1130	1137	einander	einander	einander	PRF	PRO.Refl.Subst.3.Dat.Pl.*	-	pn	213	-	no	10	reported.speech.6	-	-	-	-
1139	1139	.	.	--	$.	SYM.Pun.Sent	-	root	215	-	no	10	reported.speech.6	-	-	-	-
1141	1143	Ich	Ich	ich	PPER	PRO.Pers.Subst.1.Nom.Sg.*	225|241|246|274|276|285|288|299|303|315|317|321|325|342	subj	217	-	yes	11	-	-	-	-	-
1145	1150	wollte	wollte	wollen	VMFIN	VFIN.Mod.1.Sg.Past.Ind	-	root	217	-	no	11	-	-	-	-	-
1152	1155	eine	eine	ein	ART	ART.Indef.Acc.Sg.Fem	-	det	219	-	no	11	-	-	-	-	-
1157	1161	Reihe	Reihe	Reihe	NN	N.Reg.Acc.Sg.Fem	-	obja	222	-	no	11	-	-	-	-	-
1163	1165	von	von	von	APPR	APPR.Dat	-	pp	219	-	no	11	-	-	-	-	-
1167	1175	Entwürfen	Entwürfen	Entwurf	NN	N.Reg.Dat.Pl.Masc	224	pn	220	-	no	11	-	-	-	-	-
1177	1187	ausarbeiten	ausarbeiten	ausarbeiten	VVINF	VINF.Full.-	-	aux	217	-	no	11	-	-	-	-	-
1189	1189	,	,	--	$,	SYM.Pun.Comma	-	root	223	-	no	11	-	-	-	-	-
1191	1193	die	die	der	PRELS	PRO.Rel.Subst.-.Nom.Pl.Masc	221	subj	228	-	no	11	-	-	-	-	-
1195	1197	mir	mir	sich	PPER	PRO.Pers.Subst.1.Dat.Sg.*	216|241|246|274|276|285|288|299|303|315|317|321|325|342	objd	227	-	no	11	-	-	-	-	-
1199	1202	dann	dann	dann	ADV	ADV	-	adv	227	-	no	11	-	-	-	-	-
1204	1209	dienen	dienen	dienen	VVINF	VINF.Full.-	-	aux	228	-	no	11	-	-	-	-	-
1211	1217	sollten	sollten	sollen	VMFIN	VFIN.Mod.3.Pl.Past.Ind	-	rel	221	-	no	11	-	-	-	-	-
1219	1219	,	,	--	$,	SYM.Pun.Comma	-	root	229	-	no	11	-	-	-	-	-
1221	1223	ein	ein	ein	ART	ART.Indef.Acc.Sg.Neut	-	det	233	-	no	11	-	-	-	-	-
1225	1228	sehr	sehr	sehr	ADV	ADV	-	adv	232	-	no	11	-	-	-	-	-
1230	1235	großes	großes	groß	ADJA	ADJA.Pos.Acc.Sg.Neut	-	attr	233	-	no	11	-	-	-	-	-
1237	1240	Bild	Bild	Bild	NN	N.Reg.Acc.Sg.Neut	-	obja	236	-	no	11	-	-	-	-	-
1242	1243	in	in	in	APPR	APPR.In	-	objp	236	-	no	11	-	-	-	-	-
1245	1251	Angriff	Angriff	Angriff	NN	N.Reg.Acc.Sg.Masc	-	pn	234	-	no	11	-	-	-	-	-
1253	1258	nehmen	nehmen	nehmen	VVINF	VINF.Full.-	-	aux	238	-	no	11	-	-	-	-	-
1260	1261	zu	zu	zu	PTKZU	PART.Zu	-	part	238	-	no	11	-	-	-	-	-
1263	1268	können	können	können	VMINF	VINF.Mod.-	-	obji	227	-	no	11	-	-	-	-	-
1270	1270	.	.	--	$.	SYM.Pun.Sent	-	root	239	-	no	11	-	-	-	-	-
1272	1274	Als	Als	als	KOUS	CONJ.SubFin.-	-	konj	248	-	yes	12	-	-	-	-	-
1276	1278	ich	ich	ich	PPER	PRO.Pers.Subst.1.Nom.Sg.*	216|225|246|274|276|285|288|299|303|315|317|321|325|342	subj	248	-	no	12	-	-	-	-	-
1280	1284	eines	eines	ein	ART	ART.Indef.Gen.Sg.Masc	-	det	243	-	no	12	-	-	-	-	-
1286	1290	Tages	Tages	Tag	NN	N.Reg.Gen.Sg.Masc	-	zeit	248	-	no	12	-	-	-	-	-
1292	1294	auf	auf	auf	APPR	APPR.Auf	-	pp	248	-	no	12	-	-	-	-	-
1296	1300	einer	einer	ein	ART	PRO.Indef.Subst.-.Dat.Sg.Fem	-	pn	244	-	no	12	-	-	-	-	-
1302	1307	meiner	meiner	mein	PPOSAT	PRO.Poss.Attr.-.Gen.Pl.Fem	216|225|241|274|276|285|288|299|303|315|317|321|325|342	det	247	-	no	12	-	-	-	-	-
1309	1315	Stellen	Stellen	Stelle	NN	N.Reg.Gen.Pl.Fem		gmod	245	-	no	12	-	-	-	-	-
1317	1319	saß	saß	sitzen	VVFIN	VFIN.Full.3.Sg.Past.Ind	-	root	248	-	no	12	-	-	-	-	-
1321	1321	–	-	--	$(	SYM.Pun.Hyph	-	root	249	-	no	12	-	-	-	-	-
1323	1324	es	es	es	PPER	PRO.Pers.Subst.3.Nom.Sg.Neut	-	subj	251	-	no	12	-	-	-	-	-
1326	1328	war	war	sein	VAFIN	VFIN.Sein.3.Sg.Past.Ind	-	root	251	-	no	12	-	-	-	-	-
1330	1332	ein	ein	ein	ART	ART.Indef.Nom.Sg.Masc	258	det	256	-	no	12	-	-	-	-	-
1334	1342	trockener	trockener	trocken	ADJA	ADJA.Pos.Nom.Sg.Masc	258	attr	256	-	no	12	-	-	-	-	-
1344	1344	,	,	--	$,	SYM.Pun.Comma	258	root	254	-	no	12	-	-	-	-	-
1346	1351	grauer	grauer	grau	ADJA	ADJA.Pos.Nom.Sg.Masc	258	kon	253	-	no	12	-	-	-	-	-
1353	1357	Rasen	Rasen	Rasen	NN	N.Reg.Nom.Sg.Masc	258	subj	271	-	no	12	-	-	-	-	-
1359	1359	,	,	--	$,	SYM.Pun.Comma	-	root	257	-	no	12	-	-	-	-	-
1361	1363	der	der	der	PRELS	PRO.Rel.Subst.-.Nom.Sg.Masc	252|253|254|255|256	subj	269	-	no	12	-	-	-	-	-
1365	1368	sich	sich	sich	PRF	PRO.Refl.Subst.3.Acc.Sg.*	-	obja	269	-	no	12	-	-	-	-	-
1370	1375	unweit	unweit	unweit	APPR	APPR.Gen	-	adv	269	-	no	12	-	-	-	-	-
1377	1379	des	des	der	ART	ART.Def.Gen.Sg.Masc	626|627|630|641	det	262	-	no	12	-	-	-	-	-
1381	1385	Weges	Weges	Weg	NN	N.Reg.Gen.Sg.Masc	626|627|630|641	objg	269	-	no	12	-	-	-	-	-
1387	1390	nach	nach	nach	APPR	APPR.Dat	-	pp	269	-	no	12	-	-	-	-	-
1392	1399	Firnberg	Firnberg	Firnberg	NN	N.Name.Dat.Sg.Neut	-	pn	263	-	no	12	-	-	-	-	-
1401	1402	am	am	an	APPRART	APPRART.Dat.Sg.Masc	-	objp	269	-	no	12	-	-	-	-	-
1404	1408	Rande	Rande	Rand	NN	N.Reg.Dat.Sg.Masc	-	pn	265	-	no	12	-	-	-	-	-
1410	1412	des	des	der	ART	ART.Def.Gen.Sg.Neut	96|97|162|163|268	det	268	-	no	12	-	-	-	-	-
1414	1419	Moores	Moores	Moore	NN	N.Reg.Gen.Sg.Neut	96|97|162|163|267	gmod	266	-	no	12	-	-	-	-	-
1421	1426	befand	befand	befinden	VVFIN	VFIN.Full.3.Sg.Past.Ind	-	rel	256	-	no	12	-	-	-	-	-
1428	1428	,	,	--	$,	SYM.Pun.Comma	-	root	270	-	no	12	-	-	-	-	-
1430	1432	kam	kam	kommen	VVFIN	VFIN.Full.3.Sg.Past.Ind	-	root	271	-	no	12	-	-	-	-	-
1434	1434	,	,	--	$,	SYM.Pun.Comma	-	root	272	-	no	12	-	-	-	-	-
1436	1442	während	während	während	KOUS	CONJ.SubFin.-	-	konj	280	-	no	12	-	-	-	-	-
1444	1446	ich	ich	ich	PPER	PRO.Pers.Subst.1.Nom.Sg.*	216|225|241|246|276|285|288|299|303|315|317|321|325|342	subj	280	-	no	12	-	-	-	-	-
1448	1452	unter	unter	unter	APPR	APPR.Unter	-	pp	280	-	no	12	-	-	-	-	-
1454	1459	meinem	meinem	mein	PPOSAT	PRO.Poss.Attr.-.Dat.Sg.Masc	216|225|241|246|274|285|288|299|303|315|317|321|325|342	det	278	-	no	12	-	-	-	-	-
1461	1466	weißen	weißen	weiß	ADJA	ADJA.Pos.Dat.Sg.Masc	-	attr	278	-	no	12	-	-	-	-	-
1468	1474	Schirme	Schirme	Schirm	NN	N.Reg.Dat.Sg.Masc	-	pn	275	-	no	12	-	-	-	-	-
1476	1482	fleißig	fleißig	fleißig	ADJD	ADJD.Pos	-	adv	280	-	no	12	-	-	-	-	-
1484	1492	arbeitete	arbeitete	arbeiten	VVFIN	VFIN.Full.3.Sg.Past.Ind	-	neb	271	-	no	12	-	-	-	-	-
1494	1494	,	,	--	$,	SYM.Pun.Comma	-	root	281	-	no	12	-	-	-	-	-
1496	1499	eine	eine	ein	ART	ART.Indef.Acc.Sg.Fem	-	det	283	-	no	12	-	-	-	-	-
1501	1512	Gesellschaft	Gesellschaft	Gesellschaft	NN	N.Reg.Acc.Sg.Fem	-	root	283	-	no	12	-	-	-	-	-
1514	1518	gegen	gegen	gegen	APPR	APPR.Acc	-	pp	283	-	no	12	-	-	-	-	-
1520	1523	mich	mich	mich	PPER	PRO.Pers.Subst.1.Acc.Sg.*	216|225|241|246|274|276|288|299|303|315|317|321|325|342	pn	284	-	no	12	-	-	-	-	-
1525	1529	heran	heran	heran	PTKVZ	PART.Verb	-	root	286	-	no	12	-	-	-	-	-
1531	1531	.	.	--	$.	SYM.Pun.Sent	-	root	287	-	no	12	-	-	-	-	-
1533	1535	Ich	Ich	ich	PPER	PRO.Pers.Subst.1.Nom.Sg.*	216|225|241|246|274|276|285|299|303|315|317|321|325|342	subj	289	-	yes	13	-	frame.7	speaker.7	-	-
1537	1544	gewahrte	gewahrte	gewahren	VVFIN	VFIN.Full.1.Sg.Past.Ind	-	root	289	-	no	13	-	frame.7	-	intexpr.7	-
1546	1549	erst	erst	erst	ADV	ADV	-	adv	289	-	no	13	-	frame.7	-	-	-
1551	1551	,	,	--	$,	SYM.Pun.Comma	-	root	291	-	no	13	-	frame.7	-	-	-
1553	1555	daß	daß	daß	KOUS	CONJ.SubFin.-	-	konj	296	-	no	13	indirect.thought.7.border=percept	-	-	-	-
1557	1562	jemand	jemand	jemand	PIS	PRO.Indef.Subst.-.Nom.Sg.Masc	-	subj	296	-	no	13	indirect.thought.7.border=percept	-	-	-	-
1564	1569	hinter	hinter	hinter	APPR	APPR.Hinter	-	objp	296	-	no	13	indirect.thought.7.border=percept	-	-	-	-
1571	1573	mir	mir	sich	PPER	PRO.Pers.Subst.1.Dat.Sg.*	-	pn	294	-	no	13	indirect.thought.7.border=percept	-	-	-	-
1575	1579	stehe	stehe	stehen	VVFIN	VFIN.Full.3.Sg.Pres.Subj	-	objc	289	-	no	13	indirect.thought.7.border=percept	-	-	-	-
1581	1581	,	,	--	$,	SYM.Pun.Comma	-	root	297	-	no	13	-	-	-	-	-
1583	1585	als	als	als	KOUS	CONJ.SubFin.-	-	konj	305	-	no	13	-	-	-	-	-
1587	1589	ich	ich	ich	PPER	PRO.Pers.Subst.1.Nom.Sg.*	216|225|241|246|274|276|285|288|303|315|317|321|325|342	subj	305	-	no	13	-	-	-	-	-
1591	1596	einmal	einmal	einmal	ADV	ADV	-	adv	305	-	no	13	-	-	-	-	-
1598	1605	zufällig	zufällig	zufällig	ADJD	ADJD.Pos	-	adv	305	-	no	13	-	-	-	-	-
1607	1615	außerhalb	außerhalb	außerhalb	APPR	APPR.Gen	-	pp	305	-	no	13	-	-	-	-	-
1617	1622	meiner	meiner	mein	PPOSAT	PRO.Poss.Attr.-.*.Sg.Fem	216|225|241|246|274|276|285|288|299|315|317|321|325|342	det	304	-	no	13	-	-	-	-	-
1624	1631	Richtung	Richtung	Richtung	NN	N.Reg.*.Sg.Fem	-	pn	302	-	no	13	-	-	-	-	-
1633	1639	blickte	blickte	blicken	VVFIN	VFIN.Full.3.Sg.Past.Ind	-	neb	296	-	no	13	-	-	-	-	-
1641	1641	,	,	--	$,	SYM.Pun.Comma	-	root	306	-	no	13	-	-	-	-	-
1643	1645	und	und	und	KON	CONJ.Coord.-	-	kon	305	-	no	13	-	-	-	-	-
1647	1654	Schatten	Schatten	Schatten	NN	N.Reg.Acc.Pl.Masc	-	subj	311	-	no	13	-	-	-	-	-
1656	1658	von	von	von	APPR	APPR.Dat	-	pp	308	-	no	13	-	-	-	-	-
1660	1665	Dingen	Dingen	Ding	NN	N.Reg.Dat.Pl.Neut	313	pn	309	-	no	13	-	-	-	-	-
1667	1669	sah	sah	sehen	VVFIN	VFIN.Full.1.Sg.Past.Ind	-	cj	307	-	no	13	-	-	-	-	-
1671	1671	,	,	--	$,	SYM.Pun.Comma	-	root	312	-	no	13	-	-	-	-	-
1673	1675	die	die	der	PRELS	PRO.Rel.Subst.-.Nom.Pl.Neut	310	subj	319	-	no	13	-	-	-	-	-
1677	1681	nicht	nicht	nicht	PTKNEG	PART.Neg	-	adv	315	-	no	13	-	-	-	-	-
1683	1685	ich	ich	ich	PPER	PRO.Pers.Subst.1.Nom.Sg.*	216|225|241|246|274|276|285|288|299|303|317|321|325|342	pred	319	-	no	13	-	-	-	-	-
1687	1689	und	und	und	KON	CONJ.Coord.-	-	kon	315	-	no	13	-	-	-	-	-
1691	1694	mein	mein	mein	PPOSAT	PRO.Poss.Attr.-.Nom.Sg.Masc	216|225|241|246|274|276|285|288|299|303|315|321|325|342	det	318	-	no	13	-	-	-	-	-
1696	1707	Sonnenschirm	Sonnenschirm	Sonnenschirm	NN	N.Reg.Nom.Sg.Masc	-	cj	316	-	no	13	-	-	-	-	-
1709	1713	waren	waren	sein	VAFIN	VFIN.Sein.1.Pl.Past.Ind	-	rel	310	-	no	13	-	-	-	-	-
1715	1715	.	.	--	$.	SYM.Pun.Sent	-	root	320	-	no	13	-	-	-	-	-
1717	1719	Ich	Ich	ich	PPER	PRO.Pers.Subst.1.Nom.Sg.*	216|225|241|246|274|276|285|288|299|303|315|317|325|342	subj	322	-	yes	14	-	-	-	-	-
1721	1726	schlug	schlug	zuschlagen	VVFIN	VFIN.Full.1.Sg.Past.Ind	-	root	322	-	no	14	-	-	-	-	-
1728	1730	den	den	der	ART	ART.Def.Acc.Sg.Masc	-	det	324	-	no	14	-	-	-	-	-
1732	1737	Deckel	Deckel	Deckel	NN	N.Reg.Acc.Sg.Masc	-	obja	322	-	no	14	-	-	-	-	-
1739	1744	meiner	meiner	mein	PPOSAT	PRO.Poss.Attr.-.Gen.Sg.Fem	216|225|241|246|274|276|285|288|299|303|315|317|321|342	det	326	-	no	14	-	-	-	-	-
1746	1759	Malvorrichtung	Malvorrichtung	Malvorrichtung	NN	N.Reg.Gen.Sg.Fem	-	gmod	324	-	no	14	-	-	-	-	-
1761	1762	zu	zu	zu	PTKVZ	PART.Verb	-	avz	322	-	no	14	-	-	-	-	-
1764	1764	,	,	--	$,	SYM.Pun.Comma	-	root	328	-	no	14	-	-	-	-	-
1766	1770	damit	damit	damit	KOUS	CONJ.SubFin.-	-	konj	336	-	no	14	-	-	-	-	-
1772	1774	das	das	der	ART	ART.Def.Nom.Sg.Neut	-	det	331	-	no	14	-	-	-	-	-
1776	1782	Gemälde	Gemälde	Gemälde	NN	N.Reg.Nom.Sg.Neut	-	subj	336	-	no	14	-	-	-	-	-
1784	1788	nicht	nicht	nicht	PTKNEG	PART.Neg	-	adv	334	-	no	14	-	-	-	-	-
1790	1793	mehr	mehr	mehr	ADV	ADV	-	adv	332	-	no	14	-	-	-	-	-
1795	1801	gesehen	gesehen	sehen	VVPP	VPP.Full.Psp	-	aux	335	-	no	14	-	-	-	-	-
1803	1808	werden	werden	werden	VAINF	VINF.Aux.-	-	aux	336	-	no	14	-	-	-	-	-
1810	1815	konnte	konnte	können	VMFIN	VFIN.Mod.3.Sg.Past.Ind	-	neb	322	-	no	14	-	-	-	-	-
1817	1817	,	,	--	$,	SYM.Pun.Comma	-	root	337	-	no	14	-	-	-	-	-
1819	1821	und	und	und	KON	CONJ.Coord.-	-	kon	336	-	no	14	-	-	-	-	-
1823	1829	blickte	blickte	blicken	VVFIN	VFIN.Full.3.Sg.Past.Ind	-	cj	338	-	no	14	-	-	-	-	-
1831	1831	,	,	--	$,	SYM.Pun.Comma	-	root	340	-	no	14	-	-	-	-	-
1833	1835	auf	auf	auf	APPR	APPR.Auf	-	pp	345	-	no	14	-	-	-	-	-
1837	1842	meinem	meinem	mein	PPOSAT	PRO.Poss.Attr.-.Dat.Sg.Neut	216|225|241|246|274|276|285|288|299|303|315|317|321|325	det	344	-	no	14	-	-	-	-	-
1844	1854	dreifüßigen	dreifüßigen	dreifüßig	ADJA	ADJA.Pos.Dat.Sg.Neut	-	attr	344	-	no	14	-	-	-	-	-
1856	1864	Stühlchen	Stühlchen	Stühlche	NN	N.Reg.Dat.Sg.Neut	-	pn	341	-	no	14	-	-	-	-	-
1866	1871	sitzen	sitzen	sitzen	VVFIN	VFIN.Full.3.Pl.Pres.Ind	-	kon	322	-	no	14	-	-	-	-	-
1873	1880	bleibend	bleibend	bleibend	ADJD	ADJD.Pos	-	adv	345	-	no	14	-	-	-	-	-
1882	1882	,	,	--	$,	SYM.Pun.Comma	-	root	347	-	no	14	-	-	-	-	-
1884	1885	um	um	um	KOUI	CONJ.SubInf.-	-	root	348	-	no	14	-	-	-	-	-
1887	1887	.	.	--	$.	SYM.Pun.Sent	-	root	349	-	no	14	-	-	-	-	-
1889	1890	Da	Da	da	ADV	ADV	-	adv	351	-	yes	15	-	-	-	-	-
1892	1898	standen	standen	stehen	VVFIN	VFIN.Full.3.Pl.Past.Ind	-	root	351	-	no	15	-	-	-	-	-
1900	1903	vier	vier	vier	CARD	CARD	-	attr	353	-	no	15	-	-	-	-	-
1905	1912	Menschen	Menschen	Mensch	NN	N.Reg.Nom.Pl.Masc	-	subj	351	-	no	15	-	-	-	-	-
1914	1919	hinter	hinter	hinter	APPR	APPR.Hinter	-	objp	351	-	no	15	-	-	-	-	-
1921	1923	mir	mir	sich	PPER	PRO.Pers.Subst.1.Dat.Sg.*	-	pn	354	-	no	15	-	-	-	-	-
1925	1925	.	.	--	$.	SYM.Pun.Sent	-	root	356	-	no	15	-	-	-	-	-
1927	1930	Zwei	Zwei	Zwei	CARD	CARD	-	subj	358	-	yes	16	-	-	-	-	-
1932	1936	waren	waren	sein	VAFIN	VFIN.Sein.3.Pl.Past.Ind	-	root	358	-	no	16	-	-	-	-	-
1938	1942	junge	junge	jung	ADJA	ADJA.Pos.Nom.Pl.Neut	-	attr	360	-	no	16	-	-	-	-	-
1944	1950	Mädchen	Mädchen	Mädchen	NN	N.Reg.Nom.Pl.Neut	-	pred	358	-	no	16	-	-	-	-	-
1952	1952	,	,	--	$,	SYM.Pun.Comma	-	root	361	-	no	16	-	-	-	-	-
1954	1957	zwei	zwei	zwei	CARD	CARD	-	subj	363	-	no	16	-	-	-	-	-
1959	1963	waren	waren	sein	VAFIN	VFIN.Sein.3.Pl.Past.Ind	-	kon	358	-	no	16	-	-	-	-	-
1965	1969	junge	junge	jung	ADJA	ADJA.Pos.Nom.Pl.Masc	-	attr	365	-	no	16	-	-	-	-	-
1971	1976	Männer	Männer	Mann	NN	N.Reg.Nom.Pl.Masc	-	pred	363	-	no	16	-	-	-	-	-
1978	1978	.	.	--	$.	SYM.Pun.Sent	-	root	366	-	no	16	-	-	-	-	-
1980	1982	Ein	Ein	ein	ART	ART.Indef.Nom.Sg.Neut	-	det	368	-	yes	17	-	-	-	-	-
1984	1990	Mädchen	Mädchen	Mädchen	NN	N.Reg.Nom.Sg.Neut	-	subj	369	-	no	17	-	-	-	-	-
1992	1994	war	war	sein	VAFIN	VFIN.Sein.3.Sg.Past.Ind	-	root	369	-	no	17	-	-	-	-	-
1996	2001	gerade	gerade	gerade	ADV	ADV	-	adv	373	-	no	17	-	-	-	-	-
2003	2008	hinter	hinter	hinter	APPR	APPR.Hinter	-	pp	373	-	no	17	-	-	-	-	-
2010	2012	mir	mir	sich	PPER	PRO.Pers.Subst.1.Dat.Sg.*	-	pn	371	-	no	17	-	-	-	-	-
2014	2022	gestanden	gestanden	gestehen	VVPP	VPP.Full.Psp	-	aux	369	-	no	17	-	-	-	-	-
2024	2024	.	.	--	$.	SYM.Pun.Sent	-	root	374	-	no	17	-	-	-	-	-
2026	2027	Es	Es	es	PPER	PRO.Pers.Subst.3.Nom.Sg.Neut	-	subj	376	-	yes	18	-	-	-	-	-
2029	2033	hatte	hatte	haben	VAFIN	VFIN.Haben.3.Sg.Past.Ind	-	root	376	-	no	18	-	-	-	-	-
2035	2040	braune	braune	braun	ADJA	ADJA.Pos.Acc.Pl.Neut	-	attr	378	-	no	18	-	-	-	-	-
2042	2046	Haare	Haare	Haar	NN	N.Reg.Acc.Pl.Neut	-	obja	376	-	no	18	-	-	-	-	-
2048	2048	,	,	--	$,	SYM.Pun.Comma	-	root	379	-	no	18	-	-	-	-	-
2050	2055	braune	braune	braun	ADJA	ADJA.Pos.Acc.Pl.Neut	-	attr	381	-	no	18	-	-	-	-	-
2057	2061	Augen	Augen	Auge	NN	N.Reg.Acc.Pl.Neut	-	kon	378	-	no	18	-	-	-	-	-
2063	2065	und	und	und	KON	CONJ.Coord.-	-	kon	381	-	no	18	-	-	-	-	-
2067	2069	ein	ein	ein	ART	ART.Indef.Acc.Sg.Neut	-	det	385	-	no	18	-	-	-	-	-
2071	2079	blühendes	blühendes	blühend	ADJA	ADJA.Pos.Acc.Sg.Neut	-	attr	385	-	no	18	-	-	-	-	-
2081	2089	Angesicht	Angesicht	Angesicht	NN	N.Reg.Acc.Sg.Neut	-	cj	382	-	no	18	-	-	-	-	-
2091	2091	.	.	--	$.	SYM.Pun.Sent	-	root	386	-	no	18	-	-	-	-	-
2093	2095	Auf	Auf	auf	APPR	APPR.Auf	-	pp	390	-	yes	19	-	-	-	-	-
2097	2099	dem	dem	der	ART	ART.Def.Dat.Sg.Neut	417|418	det	389	-	no	19	-	-	-	-	-
2101	2106	Haupte	Haupte	Haupte	NN	N.Reg.Dat.Sg.Neut	417|418	pn	387	-	no	19	-	-	-	-	-
2108	2110	war	war	sein	VAFIN	VFIN.Sein.3.Sg.Past.Ind	-	root	390	-	no	19	-	-	-	-	-
2112	2114	ein	ein	ein	ART	ART.Indef.Nom.Sg.Neut	-	det	393	-	no	19	-	-	-	-	-
2116	2121	gelbes	gelbes	gelb	ADJA	ADJA.Pos.Nom.Sg.Neut	-	attr	393	-	no	19	-	-	-	-	-
2123	2134	Strohhütchen	Strohhütchen	Strohhütchen	NN	N.Reg.Nom.Sg.Neut	-	subj	390	-	no	19	-	-	-	-	-
2136	2136	.	.	--	$.	SYM.Pun.Sent	-	root	394	-	no	19	-	-	-	-	-
2138	2142	Neben	Neben	neben	APPR	APPR.Nom	-	pp	397	-	yes	20	-	-	-	-	-
2144	2146	ihr	ihr	ihr	PPER	PRO.Pers.Subst.3.Dat.Sg.Fem	-	pn	395	-	no	20	-	-	-	-	-
2148	2152	stand	stand	stehen	VVFIN	VFIN.Full.3.Sg.Past.Ind	-	root	397	-	no	20	-	-	-	-	-
2154	2156	ein	ein	ein	ART	ART.Indef.Nom.Sg.Masc	401|420|426|584|585|586|587|614|615|616|617	det	399	-	no	20	-	-	-	-	-
2158	2161	Mann	Mann	Mann	NN	N.Reg.Nom.Sg.Masc	401|420|426|584|585|586|587|614|615|616|617	subj	397	-	no	20	-	-	-	-	-
2163	2163	,	,	--	$,	SYM.Pun.Comma	-	root	400	-	no	20	-	-	-	-	-
2165	2167	der	der	der	PRELS	PRO.Rel.Subst.-.Nom.Sg.Masc	398|399|420|426|584|585|586|587|614|615|616|617	subj	402	-	no	20	-	-	-	-	-
2169	2173	hatte	hatte	haben	VAFIN	VFIN.Haben.3.Sg.Past.Ind	-	kon	397	-	no	20	-	-	-	-	-
2175	2186	nankinggelbe	nankinggelbe	nankinggelb	NE	ADJA.Pos.Acc.Pl.Neut	-	attr	404	-	no	20	-	-	-	-	-
2188	2198	Beinkleider	Beinkleider	Beinkleider	NN	N.Reg.Acc.Pl.Neut	-	obja	402	-	no	20	-	-	-	-	-
2200	2201	an	an	an	PTKVZ	PART.Verb	-	avz	402	-	no	20	-	-	-	-	-
2203	2203	,	,	--	$,	SYM.Pun.Comma	-	root	406	-	no	20	-	-	-	-	-
2205	2208	eine	eine	ein	ART	ART.Indef.Acc.Sg.Fem	-	det	409	-	no	20	-	-	-	-	-
2210	2221	nankinggelbe	nankinggelbe	nankinggelb	ADJA	ADJA.Pos.Acc.Sg.Fem	-	attr	409	-	no	20	-	-	-	-	-
2223	2227	Weste	Weste	Weste	NN	N.Reg.Acc.Sg.Fem	-	root	409	-	no	20	-	-	-	-	-
2229	2229	,	,	--	$,	SYM.Pun.Comma	-	root	410	-	no	20	-	-	-	-	-
2231	2235	einen	einen	ein	ART	ART.Indef.Acc.Sg.Masc	-	det	413	-	no	20	-	-	-	-	-
2237	2249	nankinggelben	nankinggelben	nankinggelb	ADJA	ADJA.Pos.Acc.Sg.Masc	-	attr	413	-	no	20	-	-	-	-	-
2251	2254	Rock	Rock	Rock	NN	N.Reg.Acc.Sg.Masc	-	app	409	-	no	20	-	-	-	-	-
2256	2256	,	,	--	$,	SYM.Pun.Comma	-	root	414	-	no	20	-	-	-	-	-
2258	2260	und	und	und	KON	CONJ.Coord.-	-	root	415	-	no	20	-	-	-	-	-
2262	2264	auf	auf	auf	APPR	APPR.Auf	-	pp	419	-	no	20	-	-	-	-	-
2266	2268	dem	dem	der	ART	ART.Def.Dat.Sg.Neut	388|389|418	det	418	-	no	20	-	-	-	-	-
2270	2275	Haupte	Haupte	Haupte	NN	N.Reg.Dat.Sg.Neut	388|389|417	pn	416	-	no	20	-	-	-	-	-
2277	2281	hatte	hatte	haben	VAFIN	VFIN.Haben.3.Sg.Past.Ind	-	cj	415	-	no	20	-	-	-	-	-
2283	2284	er	er	er	PPER	PRO.Pers.Subst.3.Nom.Sg.Masc	398|399|401|426|584|585|586|587|614|615|616|617	subj	419	-	no	20	-	-	-	-	-
2286	2289	auch	auch	auch	ADV	ADV	-	adv	419	-	no	20	-	-	-	-	-
2291	2293	ein	ein	ein	ART	ART.Indef.Acc.Sg.Neut	-	det	424	-	no	20	-	-	-	-	-
2295	2300	gelbes	gelbes	gelb	ADJA	ADJA.Pos.Acc.Sg.Neut	-	attr	424	-	no	20	-	-	-	-	-
2302	2313	Strohhütchen	Strohhütchen	Strohhütchen	NN	N.Reg.Acc.Sg.Neut	-	obja	419	-	no	20	-	-	-	-	-
2315	2315	.	.	--	$.	SYM.Pun.Sent	-	root	425	-	no	20	-	-	-	-	-
2317	2318	Er	Er	er	PPER	PRO.Pers.Subst.3.Nom.Sg.Masc	398|399|401|420|584|585|586|587|614|615|616|617	subj	427	-	yes	21	-	-	-	-	-
2320	2322	war	war	sein	VAFIN	VFIN.Sein.3.Sg.Past.Ind	-	root	427	-	no	21	-	-	-	-	-
2324	2328	blond	blond	blond	ADJD	ADJD.Pos	-	pred	427	-	no	21	-	-	-	-	-
2330	2332	und	und	und	KON	CONJ.Coord.-	-	kon	427	-	no	21	-	-	-	-	-
2334	2338	hatte	hatte	haben	VAFIN	VFIN.Haben.3.Sg.Past.Ind	-	cj	429	-	no	21	-	-	-	-	-
2340	2343	eine	eine	ein	ART	ART.Indef.Acc.Sg.Fem	-	det	433	-	no	21	-	-	-	-	-
2345	2353	fröhliche	fröhliche	fröhlich	ADJA	ADJA.Pos.Acc.Sg.Fem	-	attr	433	-	no	21	-	-	-	-	-
2355	2367	Gesichtsfarbe	Gesichtsfarbe	Gesichtsfarbe	NN	N.Reg.Acc.Sg.Fem	-	obja	430	-	no	21	-	-	-	-	-
2369	2369	.	.	--	$.	SYM.Pun.Sent	-	root	434	-	no	21	-	-	-	-	-
2371	2373	Die	Die	der	ART	ART.Def.Nom.Pl.Masc	-	det	437	-	yes	22	-	-	-	-	-
2375	2381	anderen	anderen	anderer	ADJA	ADJA.Pos.Nom.Pl.Masc	-	attr	437	-	no	22	-	-	-	-	-
2383	2386	zwei	zwei	zwei	CARD	CARD	-	subj	438	-	no	22	-	-	-	-	-
2388	2392	waren	waren	sein	VAFIN	VFIN.Sein.3.Pl.Past.Ind	-	root	438	-	no	22	-	-	-	-	-
2394	2397	sich	sich	sich	PRF	PRO.Refl.Subst.3.Dat.Pl.*	-	objd	438	-	no	22	-	-	-	-	-
2399	2402	fast	fast	fast	ADV	ADV	-	adv	441	-	no	22	-	-	-	-	-
2404	2409	gleich	gleich	gleich	ADV	ADJD.Pos	-	pred	438	-	no	22	-	-	-	-	-
2411	2411	.	.	--	$.	SYM.Pun.Sent	-	root	442	-	no	22	-	-	-	-	-
2413	2417	Jedes	Jedes	jeder	PIS	PRO.Indef.Subst.-.Nom.Sg.Neut	-	subj	444	-	yes	23	-	-	-	-	-
2419	2423	hatte	hatte	haben	VAFIN	VFIN.Haben.3.Sg.Past.Ind	-	root	444	-	no	23	-	-	-	-	-
2425	2432	schwarze	schwarze	schwarz	ADJA	ADJA.Pos.Acc.Pl.Neut	451|502	attr	446	-	no	23	-	-	-	-	-
2434	2438	Haare	Haare	Haar	NN	N.Reg.Acc.Pl.Neut	451|502	obja	444	-	no	23	-	-	-	-	-
2440	2442	und	und	und	KON	CONJ.Coord.-	451|502	kon	446	-	no	23	-	-	-	-	-
2444	2449	dunkle	dunkle	dunkel	ADJA	ADJA.Pos.Acc.Pl.Neut	451|502	attr	449	-	no	23	-	-	-	-	-
2451	2455	Augen	Augen	Auge	NN	N.Reg.Acc.Pl.Neut	451|502	cj	447	-	no	23	-	-	-	-	-
2457	2457	.	.	--	$.	SYM.Pun.Sent	-	root	450	-	no	23	-	-	-	-	-
2459	2461	Sie	Sie	sie	PPER	PRO.Pers.Subst.3.Nom.Pl.*	445|446|447|448|449|502	subj	452	-	yes	24	-	-	-	-	-
2463	2469	standen	standen	wegstehen	VVFIN	VFIN.Full.3.Pl.Past.Ind	-	root	452	-	no	24	-	-	-	-	-
2471	2475	etwas	etwas	etwas	ADV	ADV	-	adv	454	-	no	24	-	-	-	-	-
2477	2482	weiter	weiter	weiter	ADV	ADV	-	adv	452	-	no	24	-	-	-	-	-
2484	2486	weg	weg	weg	PTKVZ	PART.Verb	-	avz	452	-	no	24	-	-	-	-	-
2488	2488	.	.	--	$.	SYM.Pun.Sent	-	root	456	-	no	24	-	-	-	-	-
2490	2492	Als	Als	als	KOUS	CONJ.SubFin.-	-	konj	463	-	yes	25	-	-	-	-	-
2494	2496	ich	ich	ich	PPER	PRO.Pers.Subst.1.Nom.Sg.*	466|468|477|489|535|574	subj	463	-	no	25	-	-	-	-	-
2498	2502	diese	diese	dieser	PDAT	PRO.Dem.Attr.-.Acc.Sg.Fem	-	det	461	-	no	25	-	-	-	-	-
2504	2507	vier	vier	vier	CARD	CARD	-	attr	461	-	no	25	-	-	-	-	-
2509	2516	Menschen	Menschen	Mensch	NN	N.Reg.Nom.Pl.Masc	-	obja	462	-	no	25	-	-	-	-	-
2518	2525	erblickt	erblickt	erblicken	VVPP	VPP.Full.Psp	-	aux	463	-	no	25	-	-	-	-	-
2527	2531	hatte	hatte	haben	VAFIN	VFIN.Haben.1.Sg.Past.Ind	-	neb	465	-	no	25	-	-	-	-	-
2533	2533	,	,	--	$,	SYM.Pun.Comma	-	root	464	-	no	25	-	-	-	-	-
2535	2539	stand	stand	aufstehen	VVFIN	VFIN.Full.1.Sg.Past.Ind	-	root	465	-	no	25	-	-	-	-	-
2541	2543	ich	ich	ich	PPER	PRO.Pers.Subst.1.Nom.Sg.*	458|468|477|489|535|574	subj	465	-	no	25	-	-	-	-	-
2545	2547	von	von	von	APPR	APPR.Dat	-	pp	465	-	no	25	-	-	-	-	-
2549	2554	meinem	meinem	mein	PPOSAT	PRO.Poss.Attr.-.Dat.Sg.Neut	458|466|477|489|535|574	det	469	-	no	25	-	-	-	-	-
2556	2564	Stühlchen	Stühlchen	Stühlchen	NN	N.Reg.Dat.Sg.Neut		pn	467	-	no	25	-	-	-	-	-
2566	2568	auf	auf	auf	PTKVZ	PART.Verb	-	avz	465	-	no	25	-	-	-	-	-
2570	2570	,	,	--	$,	SYM.Pun.Comma	-	root	471	-	no	25	-	-	-	-	-
2572	2574	und	und	und	KON	CONJ.Coord.-	-	kon	465	-	no	25	-	-	-	-	-
2576	2582	wendete	wendete	wenden	VVFIN	VFIN.Full.3.Sg.Past.Ind	-	cj	472	-	no	25	-	-	-	-	-
2584	2586	den	den	der	ART	ART.Def.Acc.Sg.Masc	-	det	475	-	no	25	-	-	-	-	-
2588	2593	Rücken	Rücken	Rücken	NN	N.Reg.Acc.Sg.Masc	-	obja	473	-	no	25	-	-	-	-	-
2595	2599	gegen	gegen	gegen	APPR	APPR.Acc	-	objp	473	-	no	25	-	-	-	-	-
2601	2604	mein	mein	mein	PPOSAT	PRO.Poss.Attr.-.Acc.Sg.Neut	458|466|468|489|535|574	det	478	-	no	25	-	-	-	-	-
2606	2614	Malerzeug	Malerzeug	Malerzeug	NN	N.Reg.Acc.Sg.Neut	-	pn	476	-	no	25	-	-	-	-	-
2616	2616	,	,	--	$,	SYM.Pun.Comma	-	root	479	-	no	25	-	-	-	-	-
2618	2620	das	das	der	ART	ART.Def.Acc.Sg.Neut	-	det	481	-	no	25	-	-	-	-	-
2622	2630	Angesicht	Angesicht	Angesicht	NN	N.Reg.Acc.Sg.Neut	-	app	478	-	no	25	-	-	-	-	-
2632	2635	aber	aber	aber	ADV	ADV	-	adv	481	-	no	25	-	-	-	-	-
2637	2641	gegen	gegen	gegen	APPR	APPR.Acc	-	pp	481	-	no	25	-	-	-	-	-
2643	2645	die	die	der	ART	ART.Def.Acc.Pl.Fem	-	det	485	-	no	25	-	-	-	-	-
2647	2654	Personen	Personen	Person	NN	N.Reg.Acc.Pl.Fem	-	pn	483	-	no	25	-	-	-	-	-
2656	2656	.	.	--	$.	SYM.Pun.Sent	-	root	486	-	no	25	-	-	-	-	-
2658	2659	So	So	so	ADV	ADV	-	adv	488	-	yes	26	-	-	-	-	-
2661	2665	blieb	blieb	bleiben	VVFIN	VFIN.Full.1.Sg.Past.Ind	-	root	488	-	no	26	-	-	-	-	-
2667	2669	ich	ich	ich	PPER	PRO.Pers.Subst.1.Nom.Sg.*	458|466|468|477|535|574	subj	488	-	no	26	-	-	-	-	-
2671	2676	stehen	stehen	stehen	VVFIN	PART.Verb	-	obji	488	-	no	26	-	-	-	-	-
2678	2678	.	.	--	$.	SYM.Pun.Sent	-	root	491	-	no	26	-	-	-	-	-
2680	2680	»	&quot;	&quot;	$(	CARD	-	root	492	-	yes	27	direct.speech.8	-	-	-	-
2682	2684	Sie	Sie	sie	PPER	PRO.Pers.Subst.3.Nom.Pl.*	498|518|540|549|563|578	subj	494	-	no	27	direct.speech.8	-	-	-	-
2686	2692	handeln	handeln	handeln	VVFIN	VFIN.Full.3.Pl.Pres.Ind	-	root	494	-	no	27	direct.speech.8	-	-	-	-
2694	2703	mißgünstig	mißgünstig	mißgünstig	ADJD	ADJD.Pos	-	adv	494	-	no	27	direct.speech.8	-	-	-	-
2705	2705	,	,	--	$,	SYM.Pun.Comma	-	root	496	-	no	27	direct.speech.8	-	-	-	-
2707	2709	daß	daß	daß	KOUS	CONJ.SubFin.-	-	root	497	-	no	27	direct.speech.8	-	-	-	-
2711	2713	Sie	Sie	sie	PPER	PRO.Pers.Subst.3.Nom.Pl.*	493|518|540|549|563|578	root	498	-	no	27	direct.speech.8	-	-	-	-
2715	2717	uns	uns	uns	PRF	PRO.Pers.Subst.1.Acc.Pl.*	538	objd	507	-	no	27	direct.speech.8	-	-	-	-
2719	2721	den	den	der	ART	ART.Def.Acc.Sg.Masc	-	det	501	-	no	27	direct.speech.8	-	-	-	-
2723	2729	Anblick	Anblick	Anblick	NN	N.Reg.Acc.Sg.Masc	-	obja	507	-	no	27	direct.speech.8	-	-	-	-
2731	2735	Ihrer	Ihrer	ihr	PPOSAT	PRO.Poss.Attr.-.Gen.Sg.Fem	445|446|447|448|449|451	det	504	-	no	27	direct.speech.8	-	-	-	-
2737	2743	schönen	schönen	schön	ADJA	ADJA.Pos.Gen.Sg.Fem	520|521|523	attr	504	-	no	27	direct.speech.8	-	-	-	-
2745	2750	Arbeit	Arbeit	Arbeit	NN	N.Reg.Gen.Sg.Fem	520|521|523	gmod	501	-	no	27	direct.speech.8	-	-	-	-
2752	2753	so	so	so	ADV	ADV	-	adv	506	-	no	27	direct.speech.8	-	-	-	-
2755	2761	schnell	schnell	schnell	ADJD	ADJD.Pos	-	adv	507	-	no	27	direct.speech.8	-	-	-	-
2763	2771	entziehen	entziehen	entziehen	VVINF	VINF.Full.-	-	root	507	-	no	27	direct.speech.8	-	-	-	-
2773	2773	«	&quot;	&quot;	$(	FM	-	root	508	-	no	27	direct.speech.8	-	-	-	-
2775	2775	,	,	--	$,	SYM.Pun.Comma	-	root	509	-	no	27	-	frame.8	-	-	-
2777	2781	sagte	sagte	sagen	VVFIN	VFIN.Full.3.Sg.Past.Ind	-	root	510	-	no	27	-	frame.8	-	intexpr.8	-
2783	2785	die	die	der	ART	ART.Def.Nom.Sg.Fem	-	root	511	-	no	27	-	frame.8	speaker.8	-	-
2787	2789	mit	mit	mit	APPR	APPR.Dat	-	root	512	-	no	27	-	frame.8	-	-	-
2791	2793	den	den	der	ART	ART.Def.Dat.Pl.Neut	-	det	515	-	no	27	-	frame.8	-	-	-
2795	2801	braunen	braunen	braun	ADJA	ADJA.Pos.Dat.Pl.Neut	-	attr	515	-	no	27	-	frame.8	-	-	-
2803	2807	Augen	Augen	Auge	NN	N.Reg.Dat.Pl.Neut	-	pn	512	-	no	27	-	frame.8	-	-	-
2809	2809	.	.	--	$.	SYM.Pun.Sent	-	root	516	-	no	27	-	frame.8	-	-	-
2811	2811	»	&quot;	&quot;	$(	CARD	-	root	517	-	yes	28	direct.speech.9	-	-	-	-
2813	2815	Sie	Sie	sie	PPER	PRO.Pers.Subst.3.Nom.Pl.*	493|498|540|549|563|578	subj	519	-	no	28	direct.speech.9	-	-	-	-
2817	2821	haben	haben	haben	VAFIN	VFIN.Haben.3.Pl.Pres.Ind	-	s	534	-	no	28	direct.speech.9	-	-	-	-
2823	2827	diese	diese	dieser	PDAT	PRO.Dem.Attr.-.Acc.Sg.Fem	503|504|523	det	521	-	no	28	direct.speech.9	-	-	-	-
2829	2834	Arbeit	Arbeit	Arbeit	NN	N.Reg.Acc.Sg.Fem	503|504|523	obja	531	-	no	28	direct.speech.9	-	-	-	-
2836	2836	,	,	--	$,	SYM.Pun.Comma	-	root	522	-	no	28	direct.speech.9	-	-	-	-
2838	2842	deren	deren	der	PRELAT	PRO.Rel.Attr.-.Gen.Sg.Fem	503|504|520|521	det	524	-	no	28	direct.speech.9	-	-	-	-
2844	2852	Schönheit	Schönheit	Schönheit	NN	N.Reg.Nom.Sg.Fem	545|551	subj	527	-	no	28	direct.speech.9	-	-	-	-
2854	2857	noch	noch	noch	ADV	ADV	-	adv	527	-	no	28	direct.speech.9	-	-	-	-
2859	2865	ungewiß	ungewiß	ungewiß	ADJD	ADJD.Pos	-	pred	527	-	no	28	direct.speech.9	-	-	-	-
2867	2869	ist	ist	sein	VAFIN	VFIN.Sein.3.Sg.Pres.Ind	-	rel	521	-	no	28	direct.speech.9	-	-	-	-
2871	2871	,	,	--	$,	SYM.Pun.Comma	-	root	528	-	no	28	direct.speech.9	-	-	-	-
2873	2877	schon	schon	schon	ADV	ADV	-	adv	531	-	no	28	direct.speech.9	-	-	-	-
2879	2886	heimlich	heimlich	heimlich	ADJD	ADJD.Pos	-	adv	531	-	no	28	direct.speech.9	-	-	-	-
2888	2894	gesehen	gesehen	sehen	VVPP	VPP.Full.Psp	-	aux	519	-	no	28	direct.speech.9	-	-	-	-
2896	2896	«	&quot;	&quot;	$(	FM	-	root	532	-	no	28	direct.speech.9	-	-	-	-
2898	2898	,	,	--	$,	SYM.Pun.Comma	-	root	533	-	no	28	-	frame.9	-	-	-
2900	2909	antwortete	antwortete	antworten	VVFIN	VFIN.Full.3.Sg.Past.Ind	-	root	534	-	no	28	-	frame.9	-	intexpr.9	-
2911	2913	ich	ich	ich	PPER	PRO.Pers.Subst.1.Nom.Sg.*	458|466|468|477|489|574	subj	534	-	no	28	-	frame.9	speaker.9	-	-
2915	2915	.	.	--	$.	SYM.Pun.Sent	-	root	536	-	no	28	-	frame.9	-	-	-
2917	2917	»	&quot;	&quot;	$(	N.Reg.Nom.Sg.Masc	-	root	537	-	yes	29	direct.speech.11	-	-	-	-
2919	2921	Wir	Wir	wir	PPER	PRO.Pers.Subst.1.Nom.Pl.*	499	subj	539	-	no	29	direct.speech.11	-	-	-	-
2923	2927	haben	haben	haben	VAFIN	VFIN.Haben.1.Pl.Pres.Ind	-	root	539	-	no	29	direct.speech.11	-	-	-	-
2929	2931	Sie	Sie	sie	PPER	PRO.Pers.Subst.3.Nom.Pl.*	493|498|518|549|563|578	obja	541	-	no	29	direct.speech.11	-	-	-	-
2933	2942	überrascht	überrascht	überraschen	VVPP	VPP.Full.Psp	-	aux	539	-	no	29	direct.speech.11	-	-	-	-
2944	2944	«	&quot;	&quot;	$(	FM	-	root	542	-	no	29	direct.speech.11	-	-	-	-
2946	2946	,	,	--	$,	SYM.Pun.Comma	-	root	543	-	no	29	-	frame.11	-	-	-
2948	2952	sagte	sagte	sagen	VVFIN	VFIN.Full.3.Sg.Past.Ind	-	par	541	-	no	29	-	frame.11	-	intexpr.11	-
2954	2956	sie	sie	sie	PPER	PRO.Pers.Subst.3.Nom.Sg.Fem	524|551	subj	544	-	no	29	-	frame.11	speaker.11	-	-
2958	2958	,	,	--	$,	SYM.Pun.Comma	-	root	546	-	no	29	-	frame.11	-	-	-
2960	2960	»	&quot;	&quot;	$(	FM	-	root	547	-	no	29	direct.speech.11	-	-	-	-
2962	2963	da	da	da	KOUS	CONJ.SubFin.-	-	konj	554	-	no	29	direct.speech.11	-	-	-	-
2965	2967	Sie	Sie	sie	PPER	PRO.Pers.Subst.3.Nom.Pl.*	493|498|518|540|563|578	subj	554	-	no	29	direct.speech.11	-	-	-	-
2969	2970	in	in	in	APPR	APPR.In	-	pp	553	-	no	29	direct.speech.11	-	-	-	-
2972	2976	Ihrer	Ihrer	ihr	PPOSAT	PRO.Poss.Attr.-.Dat.Sg.Fem	524|545	det	552	-	no	29	direct.speech.11	-	-	-	-
2978	2982	Kunst	Kunst	Kunst	NN	N.Reg.Dat.Sg.Fem	-	pn	550	-	no	29	direct.speech.11	-	-	-	-
2984	2991	vertieft	vertieft	vertiefen	VVPP	VPP.Full.Psp	-	aux	554	-	no	29	direct.speech.11	-	-	-	-
2993	2997	waren	waren	sein	VAFIN	VFIN.Sein.3.Pl.Past.Ind	-	neb	539	-	no	29	direct.speech.11	-	-	-	-
2999	2999	,	,	--	$,	SYM.Pun.Comma	-	root	555	-	no	29	direct.speech.11	-	-	-	-
3001	3003	und	und	und	KON	CONJ.Coord.-	-	kon	554	-	no	29	direct.speech.11	-	-	-	-
3005	3009	haben	haben	haben	VAFIN	VFIN.Haben.3.Pl.Pres.Ind	-	cj	556	-	no	29	direct.speech.11	-	-	-	-
3011	3014	wohl	wohl	wohl	ADV	ADV	-	adv	560	-	no	29	direct.speech.11	-	-	-	-
3016	3020	etwas	etwas	etwas	PIS	PRO.Indef.Subst.-.*.*.Neut	-	adv	560	-	no	29	direct.speech.11	-	-	-	-
3022	3030	zugesehen	zugesehen	zusehen	VVPP	VPP.Full.Psp	-	aux	557	-	no	29	direct.speech.11	-	-	-	-
3032	3032	.	.	--	$.	SYM.Pun.Sent	-	root	561	-	no	29	direct.speech.11	-	-	-	-
3034	3039	Halten	Halten	halten	NN	VFIN.Full.3.Pl.Pres.Ind	-	root	562	-	yes	30	direct.speech.11|reported.thought.17.nonfact	-	-	intexpr.17	-
3041	3043	Sie	Sie	sie	PPER	PRO.Pers.Subst.3.Nom.Pl.*	493|498|518|540|549|578	subj	562	-	no	30	direct.speech.11|reported.thought.17.nonfact	-	speaker.17	-	-
3045	3047	das	das	der	PDS	PRO.Dem.Subst.-.Acc.Sg.Neut	-	root	564	-	no	30	direct.speech.11|reported.thought.17.nonfact	-	-	-	-
3049	3051	für	für	für	APPR	APPR.Acc	-	root	565	-	no	30	direct.speech.11|reported.thought.17.nonfact	-	-	-	-
3053	3059	unrecht	Unrecht	Unrecht	NN	N.Reg.Acc.Sg.Neut	-	pn	565	-	no	30	direct.speech.11|reported.thought.17.nonfact	-	-	-	-
3061	3061	?	?	--	$.	SYM.Pun.Sent	-	root	567	-	no	30	direct.speech.11|reported.thought.17.nonfact	-	-	-	-
3063	3063	«	&quot;	&quot;	$(	CARD	-	root	568	-	no	30	direct.speech.11	-	-	-	-
3065	3065	»	&quot;	&quot;	$(	N.Reg.*.*.Neut	-	root	569	-	yes	31	direct.speech.13	-	-	-	-
3067	3068	Ja	Ja	ja	PTKANT	PART.Ans	-	root	570	-	no	31	direct.speech.13	-	-	-	-
3070	3070	,	,	--	$,	SYM.Pun.Comma	-	root	571	-	no	31	direct.speech.13	-	-	-	-
3072	3072	«	&quot;	&quot;	$(	CARD	-	root	572	-	no	31	direct.speech.13	-	-	-	-
3074	3083	entgegnete	entgegnete	entgegnen	VVFIN	VFIN.Full.1.Sg.Past.Ind	-	root	573	-	no	31	-	frame.13	-	intexpr.13	-
3085	3087	ich	ich	ich	PPER	PRO.Pers.Subst.1.Nom.Sg.*	458|466|468|477|489|535	subj	573	-	no	31	-	frame.13	speaker.13	-	-
3089	3089	,	,	--	$,	SYM.Pun.Comma	-	root	575	-	no	31	-	frame.13	-	-	-
3091	3091	»	&quot;	&quot;	$(	FM	-	root	576	-	no	31	direct.speech.13	-	-	-	-
3093	3096	weil	weil	weil	KOUS	CONJ.SubFin.-	-	konj	581	-	no	31	direct.speech.13	frame.16	-	-	-
3098	3100	Sie	Sie	sie	PPER	PRO.Pers.Subst.3.Nom.Pl.*	493|498|518|540|549|563	subj	581	-	no	31	direct.speech.13	frame.16	speaker.16	-	-
3102	3106	nicht	nicht	nicht	PTKNEG	PART.Neg	-	adv	580	-	no	31	direct.speech.13	frame.16	-	-	-
3108	3113	wissen	wissen	wissen	VVINF	VINF.Full.-	-	aux	581	-	no	31	direct.speech.13	frame.16	-	intexpr.16	-
3115	3121	konnten	konnten	können	VMFIN	VFIN.Mod.3.Pl.Past.Ind	-	root	581	-	no	31	direct.speech.13	frame.16	-	-	-
3123	3123	,	,	--	$,	SYM.Pun.Comma	-	root	582	-	no	31	direct.speech.13	frame.16	-	-	-
3125	3126	ob	ob	ob	KOUS	CONJ.SubFin.-	-	konj	592	-	no	31	direct.speech.13|indirect.thought.16.nonfact.border=state	-	-	-	-
3128	3130	der	der	der	ART	ART.Def.Nom.Sg.Masc	398|399|401|420|426|614|615|616|617	det	586	-	no	31	direct.speech.13|indirect.thought.16.nonfact.border=state	-	-	-	-
3132	3138	malende	malende	malend	ADJA	ADJA.Pos.Nom.Sg.Masc	398|399|401|420|426|614|615|616|617	attr	586	-	no	31	direct.speech.13|indirect.thought.16.nonfact.border=state	-	-	-	-
3140	3143	Mann	Mann	Mann	NN	N.Reg.Nom.Sg.Masc	398|399|401|420|426|614|615|616|617	subj	592	-	no	31	direct.speech.13|indirect.thought.16.nonfact.border=state	-	-	-	-
3145	3148	sein	sein	sein	PPOSAT	PRO.Poss.Attr.-.Nom.Sg.Neut	398|399|401|420|426|614|615|616|617	det	588	-	no	31	direct.speech.13|indirect.thought.16.nonfact.border=state	-	-	-	-
3150	3154	Malen	Malen	Malen	NN	N.Reg.Nom.Sg.Neut	-	obja	591	-	no	31	direct.speech.13|indirect.thought.16.nonfact.border=state	-	-	-	-
3156	3158	zum	zum	zu	APPRART	APPRART.Dat.Sg.Neut	-	pp	591	-	no	31	direct.speech.13|indirect.thought.16.nonfact.border=state	-	-	-	-
3160	3166	Zusehen	Zusehen	zusehen	NN	N.Reg.Dat.Sg.Neut	-	pn	589	-	no	31	direct.speech.13|indirect.thought.16.nonfact.border=state	-	-	-	-
3168	3179	eingerichtet	eingerichtet	einrichten	VVPP	VPP.Full.Psp	-	aux	592	-	no	31	direct.speech.13|indirect.thought.16.nonfact.border=state	-	-	-	-
3181	3184	habe	habe	haben	VAFIN	VFIN.Haben.3.Sg.Pres.Subj	-	objc	580	-	no	31	direct.speech.13|indirect.thought.16.nonfact.border=state	-	-	-	-
3186	3186	.	.	--	$.	SYM.Pun.Sent	-	root	593	-	no	31	direct.speech.13|indirect.thought.16.nonfact.border=state	-	-	-	-
3188	3188	«	&quot;	&quot;	$(	N.Reg.Nom.Sg.Neut	-	root	594	-	no	31	direct.speech.13	-	-	-	-
3190	3190	»	&quot;	&quot;	$(	CARD	-	root	595	-	yes	32	direct.speech.14	-	-	-	-
3192	3195	Dies	Dies	dieser	PDS	PRO.Dem.Subst.-.Nom.Sg.Neut	-	subj	597	-	no	32	direct.speech.14	-	-	-	-
3197	3199	ist	ist	sein	VAFIN	VFIN.Sein.3.Sg.Pres.Ind	-	root	597	-	no	32	direct.speech.14	-	-	-	-
3201	3203	ein	ein	ein	ART	ART.Indef.Nom.Sg.Masc	602	det	599	-	no	32	direct.speech.14	-	-	-	-
3205	3207	Weg	Weg	Weg	NN	N.Reg.Nom.Sg.Masc	602	pred	597	-	no	32	direct.speech.14	-	-	-	-
3209	3209	,	,	--	$,	SYM.Pun.Comma	-	root	600	-	no	32	direct.speech.14	-	-	-	-
3211	3213	auf	auf	auf	APPR	APPR.Auf	-	pp	608	-	no	32	direct.speech.14	-	-	-	-
3215	3217	dem	dem	der	PRELS	PRO.Rel.Subst.-.Dat.Sg.Masc	598|599	pn	601	-	no	32	direct.speech.14	-	-	-	-
3219	3221	man	man	man	PIS	PRO.Indef.Subst.-.Nom.Sg.*	-	subj	609	-	no	32	direct.speech.14	-	-	-	-
3223	3225	von	von	von	APPR	APPR.Dat	-	pp	608	-	no	32	direct.speech.14	-	-	-	-
3227	3232	Kiring	Kiring	Kiring	NE	N.Name.Dat.Sg.*	-	pn	604	-	no	32	direct.speech.14	-	-	-	-
3234	3237	nach	nach	nach	APPR	APPR.Dat	-	kon	604	-	no	32	direct.speech.14	-	-	-	-
3239	3246	Firnberg	Firnberg	Firnberg	NE	N.Name.Dat.Sg.Neut	-	pn	606	-	no	32	direct.speech.14	-	-	-	-
3248	3252	gehen	gehen	gehen	VVINF	VINF.Full.-	-	aux	609	-	no	32	direct.speech.14	-	-	-	-
3254	3257	kann	kann	können	VMFIN	VFIN.Mod.3.Sg.Pres.Ind	-	rel	599	-	no	32	direct.speech.14	-	-	-	-
3259	3259	,	,	--	$,	SYM.Pun.Comma	-	root	610	-	no	32	direct.speech.14	-	-	-	-
3261	3261	«	&quot;	&quot;	$(	CARD	-	root	611	-	no	32	direct.speech.14	-	-	-	-
3263	3266	nahm	nahm	nehmen	VVFIN	VFIN.Full.3.Sg.Past.Ind	-	s	597	-	no	32	-	frame.14	-	intexpr.14	-
3268	3272	jetzt	jetzt	jetzt	ADV	ADV	-	adv	612	-	no	32	-	frame.14	-	-	-
3274	3276	der	der	der	ART	ART.Def.Nom.Sg.Masc	398|399|401|420|426|584|585|586|587|615|616|617	det	617	-	no	32	-	frame.14	-	-	-
3278	3283	blonde	blonde	blond	ADJA	ADJA.Pos.Nom.Sg.Masc	398|399|401|420|426|584|585|586|587|614|616|617	attr	617	-	no	32	-	frame.14	-	-	-
3285	3289	junge	junge	jung	ADJA	ADJA.Pos.Nom.Sg.Masc	398|399|401|420|426|584|585|586|587|614|615|617	attr	617	-	no	32	-	frame.14	-	-	-
3291	3294	Mann	Mann	Mann	NN	N.Reg.Nom.Sg.Masc	398|399|401|420|426|584|585|586|587|614|615|616	subj	612	-	no	32	-	frame.14	speaker.14	-	-
3296	3298	das	das	der	ART	ART.Def.Acc.Sg.Neut	-	det	619	-	no	32	-	frame.14	-	-	-
3300	3303	Wort	Wort	Wort	NN	N.Reg.Acc.Sg.Neut	-	obja	612	-	no	32	-	frame.14	-	intexpr.14	-
3305	3305	,	,	--	$,	SYM.Pun.Comma	-	root	620	-	no	32	-	frame.14	-	-	-
3307	3307	»	&quot;	&quot;	$(	N.Reg.Acc.Sg.Neut	-	root	621	-	no	32	direct.speech.14	-	-	-	-
3309	3311	und	und	und	KON	CONJ.Coord.-	-	root	622	-	no	32	direct.speech.14	-	-	-	-
3313	3317	jeder	jeder	jeder	PIAT	PRO.Indef.Attr.-.Nom.Sg.Masc	-	det	624	-	no	32	direct.speech.14	-	-	-	-
3319	3324	Mensch	Mensch	Mensch	NN	N.Reg.Nom.Sg.Masc	-	subj	625	-	no	32	direct.speech.14	-	-	-	-
3326	3329	darf	darf	dürfen	VMFIN	VFIN.Mod.3.Sg.Pres.Ind	-	cj	622	-	no	32	direct.speech.14	-	-	-	-
3331	3336	dieses	dieses	dieser	PDAT	PRO.Dem.Attr.-.Gen.Sg.Masc	261|262|630|641	det	627	-	no	32	direct.speech.14	-	-	-	-
3338	3342	Weges	Weges	Weg	NN	N.Reg.Gen.Sg.Masc	261|262|630|641	root	627	-	no	32	direct.speech.14	-	-	-	-
3344	3348	gehen	gehen	gehen	VVINF	VINF.Full.-	-	root	628	-	no	32	direct.speech.14	-	-	-	-
3350	3350	,	,	--	$,	SYM.Pun.Comma	-	root	629	-	no	32	direct.speech.14	-	-	-	-
3352	3354	der	der	der	PRELS	PRO.Rel.Subst.-.Nom.Sg.Masc	261|262|626|627|641	subj	636	-	no	32	direct.speech.14	-	-	-	-
3356	3359	sich	sich	sich	PRF	PRO.Refl.Subst.3.Acc.Sg.*	-	obja	635	-	no	32	direct.speech.14	-	-	-	-
3361	3366	keiner	keiner	kein	PIAT	PRO.Indef.Attr.-.Dat.Sg.Fem	-	det	633	-	no	32	direct.speech.14	-	-	-	-
3368	3378	Übertretung	Übertretung	Übertretung	NN	N.Reg.Dat.Sg.Fem	-	objd	635	-	no	32	direct.speech.14	-	-	-	-
3380	3387	schuldig	schuldig	schuldig	ADJD	ADJD.Pos	-	pred	635	-	no	32	direct.speech.14	-	-	-	-
3389	3395	gemacht	gemacht	machen	VVPP	VPP.Full.Psp	-	aux	636	-	no	32	direct.speech.14	-	-	-	-
3397	3399	hat	hat	haben	VAFIN	VFIN.Haben.3.Sg.Pres.Ind	-	root	636	-	no	32	direct.speech.14	-	-	-	-
3401	3401	,	,	--	$,	SYM.Pun.Comma	-	root	637	-	no	32	direct.speech.14	-	-	-	-
3403	3404	um	um	um	KOUI	CONJ.SubInf.-	-	root	638	-	no	32	direct.speech.14	-	-	-	-
3406	3417	derentwillen	derentwillen	derentwillen	ADV	ADV	-	root	639	-	no	32	direct.speech.14	-	-	-	-
3419	3421	man	man	man	PIS	PRO.Indef.Subst.-.Nom.Sg.*	-	subj	643	-	no	32	direct.speech.14	-	-	-	-
3423	3425	ihn	ihn	ihn	PPER	PRO.Pers.Subst.3.Acc.Sg.Masc	261|262|626|627|630	obja	642	-	no	32	direct.speech.14	-	-	-	-
3427	3435	einfangen	einfangen	einfangen	VVINF	VINF.Full.-	-	aux	643	-	no	32	direct.speech.14	-	-	-	-
3437	3442	dürfte	dürfte	dürfen	VMFIN	VFIN.Mod.3.Sg.Past.Subj	-	root	643	-	no	32	direct.speech.14	-	-	-	-
3444	3444	.	.	--	$.	SYM.Pun.Sent	-	root	644	-	no	32	direct.speech.14	-	-	-	-
